"Df","SS","MS","Rsq","F","Z","Pr(>F)"
"log(CS)",1,0.0152673103675333,0.0152673103675333,0.422242614042378,25.6833848123238,5.2910339409027,0.00199600798403199
"genus",13,0.00911215485563331,0.00070093498889487,0.252011650590633,1.17914567889389,3.50164920785883,0.00199600798403199
"log(CS):genus",3,0.00226711850553252,0.000755706168510841,0.0627008962990358,1.27128432341201,3.44497711455667,0.00199600798403199
"Residuals",16,0.00951108927680436,0.000594443079800273,0.263044839067954,NA,NA,NA
"Total",33,0.0361576730055035,NA,NA,NA,NA,NA
