"Df","SS","MS","Rsq","F","Z","Pr(>F)"
"log(CS)",1,0.0152673103675333,0.0152673103675333,0.422242614042378,24.6284411299101,5.25321341075533,0.00199600798403199
"genus",13,0.00911215485563331,0.00070093498889487,0.252011650590633,1.13071233205568,3.70446823156579,0.00199600798403199
"Residuals",19,0.0117782077823369,0.000619905672754573,0.325745735366989,NA,NA,NA
"Total",33,0.0361576730055035,NA,NA,NA,NA,NA
